{
  "hash": "7250abc5",
  "configHash": "61aec939",
  "lockfileHash": "7355ddb5",
  "browserHash": "7dddaee4",
  "optimized": {
    "@angular/cdk/bidi": {
      "src": "../../../../../../node_modules/@angular/cdk/fesm2022/bidi.mjs",
      "file": "@angular_cdk_bidi.js",
      "fileHash": "c0520bf4",
      "needsInterop": false
    },
    "@angular/cdk/text-field": {
      "src": "../../../../../../node_modules/@angular/cdk/fesm2022/text-field.mjs",
      "file": "@angular_cdk_text-field.js",
      "fileHash": "d1738bba",
      "needsInterop": false
    },
    "@angular/common": {
      "src": "../../../../../../node_modules/@angular/common/fesm2022/common.mjs",
      "file": "@angular_common.js",
      "fileHash": "d9222eb6",
      "needsInterop": false
    },
    "@angular/common/http": {
      "src": "../../../../../../node_modules/@angular/common/fesm2022/http.mjs",
      "file": "@angular_common_http.js",
      "fileHash": "2b989296",
      "needsInterop": false
    },
    "@angular/core": {
      "src": "../../../../../../node_modules/@angular/core/fesm2022/core.mjs",
      "file": "@angular_core.js",
      "fileHash": "d230a53d",
      "needsInterop": false
    },
    "@angular/forms": {
      "src": "../../../../../../node_modules/@angular/forms/fesm2022/forms.mjs",
      "file": "@angular_forms.js",
      "fileHash": "29a6a311",
      "needsInterop": false
    },
    "@angular/material/button": {
      "src": "../../../../../../node_modules/@angular/material/fesm2022/button.mjs",
      "file": "@angular_material_button.js",
      "fileHash": "69c8bbbf",
      "needsInterop": false
    },
    "@angular/material/form-field": {
      "src": "../../../../../../node_modules/@angular/material/fesm2022/form-field.mjs",
      "file": "@angular_material_form-field.js",
      "fileHash": "417281da",
      "needsInterop": false
    },
    "@angular/material/icon": {
      "src": "../../../../../../node_modules/@angular/material/fesm2022/icon.mjs",
      "file": "@angular_material_icon.js",
      "fileHash": "47242dbc",
      "needsInterop": false
    },
    "@angular/material/input": {
      "src": "../../../../../../node_modules/@angular/material/fesm2022/input.mjs",
      "file": "@angular_material_input.js",
      "fileHash": "4bdeac3d",
      "needsInterop": false
    },
    "@angular/material/table": {
      "src": "../../../../../../node_modules/@angular/material/fesm2022/table.mjs",
      "file": "@angular_material_table.js",
      "fileHash": "371a16b5",
      "needsInterop": false
    },
    "@angular/platform-browser": {
      "src": "../../../../../../node_modules/@angular/platform-browser/fesm2022/platform-browser.mjs",
      "file": "@angular_platform-browser.js",
      "fileHash": "03ce9134",
      "needsInterop": false
    },
    "@angular/router": {
      "src": "../../../../../../node_modules/@angular/router/fesm2022/router.mjs",
      "file": "@angular_router.js",
      "fileHash": "b1d855b7",
      "needsInterop": false
    }
  },
  "chunks": {
    "chunk-2X4EN2RT": {
      "file": "chunk-2X4EN2RT.js"
    },
    "chunk-ZI6PXBDV": {
      "file": "chunk-ZI6PXBDV.js"
    },
    "chunk-GN6SMXY7": {
      "file": "chunk-GN6SMXY7.js"
    },
    "chunk-IC7MAXR6": {
      "file": "chunk-IC7MAXR6.js"
    },
    "chunk-ZQKW2BR6": {
      "file": "chunk-ZQKW2BR6.js"
    },
    "chunk-FOZONJE6": {
      "file": "chunk-FOZONJE6.js"
    },
    "chunk-5UEJANXG": {
      "file": "chunk-5UEJANXG.js"
    },
    "chunk-PMBMAKM5": {
      "file": "chunk-PMBMAKM5.js"
    },
    "chunk-R4APLX5S": {
      "file": "chunk-R4APLX5S.js"
    },
    "chunk-ERE2DMPU": {
      "file": "chunk-ERE2DMPU.js"
    },
    "chunk-G6VX6QK2": {
      "file": "chunk-G6VX6QK2.js"
    },
    "chunk-WG5TXU72": {
      "file": "chunk-WG5TXU72.js"
    },
    "chunk-4RGCBE5J": {
      "file": "chunk-4RGCBE5J.js"
    }
  }
}