{
  "hash": "151ceb58",
  "configHash": "1daaa4fa",
  "lockfileHash": "7355ddb5",
  "browserHash": "b62dd1e7",
  "optimized": {
    "@angular/cdk/bidi": {
      "src": "../../../../../../node_modules/@angular/cdk/fesm2022/bidi.mjs",
      "file": "@angular_cdk_bidi.js",
      "fileHash": "dc182742",
      "needsInterop": false
    },
    "@angular/cdk/text-field": {
      "src": "../../../../../../node_modules/@angular/cdk/fesm2022/text-field.mjs",
      "file": "@angular_cdk_text-field.js",
      "fileHash": "86066973",
      "needsInterop": false
    },
    "@angular/common": {
      "src": "../../../../../../node_modules/@angular/common/fesm2022/common.mjs",
      "file": "@angular_common.js",
      "fileHash": "b2393e67",
      "needsInterop": false
    },
    "@angular/common/http": {
      "src": "../../../../../../node_modules/@angular/common/fesm2022/http.mjs",
      "file": "@angular_common_http.js",
      "fileHash": "afa2814f",
      "needsInterop": false
    },
    "@angular/core": {
      "src": "../../../../../../node_modules/@angular/core/fesm2022/core.mjs",
      "file": "@angular_core.js",
      "fileHash": "1f062914",
      "needsInterop": false
    },
    "@angular/forms": {
      "src": "../../../../../../node_modules/@angular/forms/fesm2022/forms.mjs",
      "file": "@angular_forms.js",
      "fileHash": "f2abcf36",
      "needsInterop": false
    },
    "@angular/material/button": {
      "src": "../../../../../../node_modules/@angular/material/fesm2022/button.mjs",
      "file": "@angular_material_button.js",
      "fileHash": "6b3db419",
      "needsInterop": false
    },
    "@angular/material/form-field": {
      "src": "../../../../../../node_modules/@angular/material/fesm2022/form-field.mjs",
      "file": "@angular_material_form-field.js",
      "fileHash": "bfe994b7",
      "needsInterop": false
    },
    "@angular/material/icon": {
      "src": "../../../../../../node_modules/@angular/material/fesm2022/icon.mjs",
      "file": "@angular_material_icon.js",
      "fileHash": "e0a39d56",
      "needsInterop": false
    },
    "@angular/material/input": {
      "src": "../../../../../../node_modules/@angular/material/fesm2022/input.mjs",
      "file": "@angular_material_input.js",
      "fileHash": "6f9cce86",
      "needsInterop": false
    },
    "@angular/material/table": {
      "src": "../../../../../../node_modules/@angular/material/fesm2022/table.mjs",
      "file": "@angular_material_table.js",
      "fileHash": "0850cbbe",
      "needsInterop": false
    },
    "@angular/platform-browser": {
      "src": "../../../../../../node_modules/@angular/platform-browser/fesm2022/platform-browser.mjs",
      "file": "@angular_platform-browser.js",
      "fileHash": "fd5c0746",
      "needsInterop": false
    },
    "@angular/platform-server": {
      "src": "../../../../../../node_modules/@angular/platform-server/fesm2022/platform-server.mjs",
      "file": "@angular_platform-server.js",
      "fileHash": "2a58b9ec",
      "needsInterop": false
    },
    "@angular/router": {
      "src": "../../../../../../node_modules/@angular/router/fesm2022/router.mjs",
      "file": "@angular_router.js",
      "fileHash": "b1d9dac5",
      "needsInterop": false
    },
    "@angular/ssr": {
      "src": "../../../../../../node_modules/@angular/ssr/fesm2022/ssr.mjs",
      "file": "@angular_ssr.js",
      "fileHash": "ba5ec294",
      "needsInterop": false
    },
    "@angular/ssr/node": {
      "src": "../../../../../../node_modules/@angular/ssr/fesm2022/node.mjs",
      "file": "@angular_ssr_node.js",
      "fileHash": "18890481",
      "needsInterop": false
    },
    "express": {
      "src": "../../../../../../node_modules/express/index.js",
      "file": "express.js",
      "fileHash": "5f4c448c",
      "needsInterop": true
    }
  },
  "chunks": {
    "xhr2-TXIMV6CV": {
      "file": "xhr2-TXIMV6CV.js"
    },
    "chunk-HAHMNLMJ": {
      "file": "chunk-HAHMNLMJ.js"
    },
    "chunk-DMQAYI6J": {
      "file": "chunk-DMQAYI6J.js"
    },
    "chunk-ZCIHQ3QY": {
      "file": "chunk-ZCIHQ3QY.js"
    },
    "chunk-PYPPDRL7": {
      "file": "chunk-PYPPDRL7.js"
    },
    "chunk-DEHSV4PU": {
      "file": "chunk-DEHSV4PU.js"
    },
    "chunk-MKGRUCRI": {
      "file": "chunk-MKGRUCRI.js"
    },
    "chunk-6N5PGFPX": {
      "file": "chunk-6N5PGFPX.js"
    },
    "chunk-OZDCSJ6J": {
      "file": "chunk-OZDCSJ6J.js"
    },
    "chunk-HSELRGES": {
      "file": "chunk-HSELRGES.js"
    },
    "chunk-K564KZYL": {
      "file": "chunk-K564KZYL.js"
    },
    "chunk-EN2O5HG3": {
      "file": "chunk-EN2O5HG3.js"
    },
    "chunk-2TGA4AG4": {
      "file": "chunk-2TGA4AG4.js"
    },
    "chunk-CKSUBLGB": {
      "file": "chunk-CKSUBLGB.js"
    },
    "chunk-NSMN3O3V": {
      "file": "chunk-NSMN3O3V.js"
    },
    "chunk-SXUNUBG3": {
      "file": "chunk-SXUNUBG3.js"
    },
    "chunk-FW7PY6T7": {
      "file": "chunk-FW7PY6T7.js"
    },
    "chunk-YHCV7DAQ": {
      "file": "chunk-YHCV7DAQ.js"
    }
  }
}